{"724494855425753180": {"507227302304677898": {"warns": 1, "warnings": ["test"]}, "588619960381603840": {"warns": 1, "warnings": ["Spam pinging"]}, "725235076069326878": {"warns": 1, "warnings": ["Spam", "swearing"]}, "653948689521573889": {"warns": -6, "warnings": ["swearing", "talking in channel not allowed to talk"]}, "722382517222506526": {"warns": 1, "warnings": ["talking in channel not allowed to talk"]}, "693042325076705301": {"warns": 1, "warnings": ["spam ping"]}, "702385226407608341": {"warns": 1, "warnings": ["using commands in general"]}}, "747145949159096412": {"725193332577271859": {"warns": 0, "warnings": []}, "702385226407608341": {"warns": -25, "warnings": []}, "665162280027029510": {"warns": -39, "warnings": ["spam", "spam"]}, "755988250329350264": {"warns": 0, "warnings": ["Commands in general", "spam", "CREATING TICKETS for no reason", "swearing", "disrecpeacting another moderater"]}, "613963112726659092": {"warns": 0, "warnings": []}, "699854716112207932": {"warns": 1, "warnings": ["creating tickets with wrong reason"]}, "756604805996216412": {"warns": 1, "warnings": ["saying other servers name"]}}, "715390479608316005": {"757053540798562324": {"warns": 0, "warnings": ["swearing"]}, "702385226407608341": {"warns": 0, "warnings": ["commands in <#728819866823557191>", "swearing", "yes"]}, "579844668800630784": {"warns": -1, "warnings": []}, "764229596551315476": {"warns": 1, "warnings": ["pinging staff members without an emergancy", "swearing", "begging for role"]}}, "772722329720586251": {"686579865763184642": {"warns": 0, "warnings": []}, "702385226407608341": {"warns": 0, "warnings": []}}, "846659556435165204": {"719517063487553556": {"warns": 1, "warnings": ["swearing", "swearing", "swearing"]}}, "843762854996869121": {"739047309580435517": {"warns": 1, "warnings": ["Insulting owner", "INSULTING OWNER 2", "swearing", "swearing ingame", "insulting staff"]}}, "853101100525289494": {"641305773095387156": {"warns": 1, "warnings": ["Staff disrespect."]}}, "736151845730385921": {"929270204222046249": {"warns": -2, "warnings": []}}}